"img-link href","photo-count","list-view-price","list-view-date","left","celly","celly 2","celly 3","celly 4","list-view-header","list-view-location","img-wrp href","he-lazy-image src","wp-btn","listing-card--owner-info__firm-name","he-lazy-image src 2"
"https://www.hepsiemlak.com/izmir-konak-altintas-kiralik/daire/128275-690","41","30.000","04-12-2025","Kiralık Daire","3 +
                          1","110 m²","30
                        Yaşında","2. Kat","Üçyol Metro Dibi Full Tadilatlı Ferah Çift Cephe Daire Ara Kat Doğalgazlı","İzmir / Konak / Altıntaş Mah.","https://www.hepsiemlak.com/emlak-ofisi/relaks-35-gayrimenkul-128275/ersoy-cinkaya-3201495","https://hecdnnw.hemlak.com/mncropresize/77/67/firmuser/5/9/4/1/0/2/3/c190ddd5-af75-4c68-87ab-03a82b1f5b6d.jpg","Whatsapp","Relaks 35 Gayrimenkul",""
"https://www.hepsiemlak.com/izmir-buca-yaylacik-kiralik/daire/148947-85","34","25.000","16-11-2025","Kiralık Daire","4 +
                          1","180 m²","16
                        Yaşında","3. Kat","Yaylacık Mahallesinde Merkezi Konumda Dubleks Doğalgazlı Kiralık 4+1 Ferah Daire","İzmir / Buca / Yaylacık Mah.","https://www.hepsiemlak.com/emlak-ofisi/oncu-yapi-gayrimenkul-148947","https://hecdnnw.hemlak.com/mncropresize/77/67/logo/7/4/9/8/4/1/2ba61b8a-3808-4494-981c-79d9dc7f264f.jpg","Whatsapp","Öncü Yapı Gayrimenkul",""
"https://www.hepsiemlak.com/izmir-menderes-kasimpasa-kiralik/daire/68322-59","51","29.000","24-11-2025","Kiralık Daire","2 +
                          1","90 m²","1
                        Yaşında","3. Kat","Bal Gayrimenkul-Kasımpaşada Ebeveyn Banyolu Sıfır 2+1 Daire","İzmir / Menderes / Kasımpaşa Mah.","https://www.hepsiemlak.com/emlak-ofisi/bal-gayrimenkul-68322","https://hecdnnw.hemlak.com/mncropresize/77/67/logo/2/2/3/8/6/0/41435d4d-57e5-4e80-8340-b437d7fe8251.jpg","Whatsapp","Bal Gayrimenkul",""
"https://www.hepsiemlak.com/izmir-balcova-onur-kiralik/daire/9163-995","35","25.000","20-11-2025","Kiralık Daire","2 +
                          1","90 m²","35
                        Yaşında","3. Kat","Balçova Agora Avm Yakını 2 Cepheli 2 Balkonlu Ara Kat 2+1 Daire","İzmir / Balçova / Onur Mah.","https://www.hepsiemlak.com/emlak-ofisi/ulusalofis-gayrimenkul-9163","https://www.hepsiemlak.com/_nuxt/8cafc93fb5c74c75e9e04e528e02ccdf.jpg","Whatsapp","Ulusalofis Gayrimenkul","https://www.hepsiemlak.com/_nuxt/8cafc93fb5c74c75e9e04e528e02ccdf.jpg"
"https://www.hepsiemlak.com/izmir-gaziemir-sevgi-kiralik/daire/18427-1199","29","40.000","17-10-2025","Kiralık Daire","3 +
                          1","118 m²","26
                        Yaşında","4. Kat","Gaziemir Sevgi Mah. Emlak Konut 2.Etap Boş Kiralık, 3+1 Daire.","İzmir / Gaziemir / Sevgi Mah.","","https://www.hepsiemlak.com/_nuxt/8cafc93fb5c74c75e9e04e528e02ccdf.jpg","Whatsapp","",""
"https://www.hepsiemlak.com/izmir-urla-rustem-kiralik/daire/107888-3180","23","33.000","23-11-2025","Kiralık Daire","2 +
                          1","80 m²","7
                        Yaşında","Bahçe Katı","Gülbahçe Saygın Pazar Stüdyo Sitesinde Özel Bahçeli, Dubleks 2+1 – Full Eşyalı Kiralık","İzmir / Urla / Rüstem Mah.","https://www.hepsiemlak.com/emlak-ofisi/coldwell-banker-atak-107888","https://www.hepsiemlak.com/_nuxt/8cafc93fb5c74c75e9e04e528e02ccdf.jpg","Whatsapp","Coldwell Banker Atak","https://www.hepsiemlak.com/_nuxt/8cafc93fb5c74c75e9e04e528e02ccdf.jpg"
"https://www.hepsiemlak.com/izmir-karsiyaka-zubeyde-hanim-kiralik/daire/125876-2847","35","40.000","28-11-2025","Kiralık Daire","3 +
                          1","125 m²","11
                        Yaşında","6. Kat","Karsiyaka Şemiklerde Esyali Kiralik Site İçi Daire Uğur Koleji","İzmir / Karşıyaka / Zübeyde Hanım Mah.","https://www.hepsiemlak.com/emlak-ofisi/kw-alesta-viya-orsa-4-125876","https://www.hepsiemlak.com/_nuxt/8cafc93fb5c74c75e9e04e528e02ccdf.jpg","Whatsapp","Kw Alesta-viya-orsa 4","https://www.hepsiemlak.com/_nuxt/8cafc93fb5c74c75e9e04e528e02ccdf.jpg"
"https://www.hepsiemlak.com/izmir-karabaglar-refet-bele-kiralik/daire/84343-655","33","32.500","20-11-2025","Kiralık Daire","2 +
                          1","110 m²","1
                        Yaşında","3. Kat","Baş-Kaleden Eğitim Alışveriş Ve Sağlık Kurumlarına Yakın Kiralık","İzmir / Karabağlar / Refet Bele Mah.","https://www.hepsiemlak.com/emlak-ofisi/bas-kale-gayrimenkul-ve-yatirim-84343","https://www.hepsiemlak.com/_nuxt/8cafc93fb5c74c75e9e04e528e02ccdf.jpg","Whatsapp","Baş-kale Gayrimenkul Ve Yatırım","https://www.hepsiemlak.com/_nuxt/8cafc93fb5c74c75e9e04e528e02ccdf.jpg"
"https://www.hepsiemlak.com/izmir-konak-goztepe-kiralik/daire/78202-3407","46","26.000","24-11-2025","Kiralık Daire","Stüdyo","40 m²","31
                        Yaşında","Bahçe Katı","Güzelyalı Merkezde Mithatpaşa Caddesine 50 M. 1+0 Stüdyo Daire","İzmir / Konak / Göztepe Mah.","https://www.hepsiemlak.com/emlak-ofisi/remax-sembol-78202","https://www.hepsiemlak.com/_nuxt/8cafc93fb5c74c75e9e04e528e02ccdf.jpg","Whatsapp","Remax Sembol","https://www.hepsiemlak.com/_nuxt/8cafc93fb5c74c75e9e04e528e02ccdf.jpg"
"https://www.hepsiemlak.com/izmir-bornova-ergene-kiralik/daire/148398-234","33","40.000","30-10-2025","Kiralık Daire","2 +
                          1","90 m²","6
                        Yaşında","4. Kat","Bornova Da 2+1 Kiralık Lüks Daire","İzmir / Bornova / Ergene Mah.","https://www.hepsiemlak.com/emlak-ofisi/ayyildiz-gayrimenkul-148398","https://www.hepsiemlak.com/_nuxt/8cafc93fb5c74c75e9e04e528e02ccdf.jpg","Whatsapp","Ayyıldız Gayrimenkul","https://www.hepsiemlak.com/_nuxt/8cafc93fb5c74c75e9e04e528e02ccdf.jpg"
"https://www.hepsiemlak.com/izmir-karsiyaka-yali-kiralik/daire/58372-6024","60","85.000","11-11-2025","Kiralık Daire","3 +
                          1","180 m²","11
                        Yaşında","5. Kat","Mavişehir Emlakkonut Havuz Manzaralı 3+1 Büyük Tip Kiralık Daire","İzmir / Karşıyaka / Yalı Mah.","https://www.hepsiemlak.com/emlak-ofisi/coldwell-banker-plus-58372","https://www.hepsiemlak.com/_nuxt/8cafc93fb5c74c75e9e04e528e02ccdf.jpg","Whatsapp","Coldwell Banker Plus","https://www.hepsiemlak.com/_nuxt/8cafc93fb5c74c75e9e04e528e02ccdf.jpg"
"https://www.hepsiemlak.com/izmir-buca-yaylacik-kiralik/daire/70103-1120","42","19.000","23-10-2025","Kiralık Daire","2 +
                          0","75 m²","8
                        Yaşında","Ara Kat","Yaylacık Mh.De İktisadi Ve İdari Bilimler Fak.Ne Yakın Geniş 2+0","İzmir / Buca / Yaylacık Mah.","https://www.hepsiemlak.com/emlak-ofisi/egebay-gayrimenkul-70103","https://www.hepsiemlak.com/_nuxt/8cafc93fb5c74c75e9e04e528e02ccdf.jpg","Whatsapp","Egebay Gayrimenkul","https://www.hepsiemlak.com/_nuxt/8cafc93fb5c74c75e9e04e528e02ccdf.jpg"
"https://www.hepsiemlak.com/izmir-buca-ataturk-kiralik/daire/21671-6489","38","22.500","02-11-2025","Kiralık Daire","1 +
                          1","45 m²","5
                        Yaşında","1. Kat","Bucada Kiralık Daire Üniversite Kyk Yurt Ana Yol Ve Kampüse Yakın","İzmir / Buca / Atatürk Mah.","https://www.hepsiemlak.com/emlak-ofisi/a24-site-gayrimenkul-danismanligi-21671","https://www.hepsiemlak.com/_nuxt/8cafc93fb5c74c75e9e04e528e02ccdf.jpg","Whatsapp","A24 Site Gayrimenkul Danışmanlığı","https://www.hepsiemlak.com/_nuxt/8cafc93fb5c74c75e9e04e528e02ccdf.jpg"
"https://www.hepsiemlak.com/izmir-buca-ataturk-kiralik/daire/148313-88","21","18.000","16-10-2025","Kiralık Daire","1 +
                          1","70 m²","4
                        Yaşında","1. Kat","Hasanağa Bahçesinin Dibinde Balkonlu Lüx Eşyalı","İzmir / Buca / Atatürk Mah.","https://www.hepsiemlak.com/emlak-ofisi/reyna-gayrimenkul-148313","https://www.hepsiemlak.com/_nuxt/8cafc93fb5c74c75e9e04e528e02ccdf.jpg","Whatsapp","Reyna Gayrimenkul","https://www.hepsiemlak.com/_nuxt/8cafc93fb5c74c75e9e04e528e02ccdf.jpg"
"https://www.hepsiemlak.com/izmir-odemis-cumhuriyet-kiralik/daire/133481-250","16","13.750","28-10-2025","Kiralık Daire","2 +
                          1","130 m²","21
                        Yaşında","4. Kat","Uha'dan Cumhuriyet Mahallesinde Kiralık Daire Fırsatı!","İzmir / Ödemiş / Cumhuriyet Mah.","https://www.hepsiemlak.com/emlak-ofisi/duha-yapi-ve-gayrimenkul-133481","https://www.hepsiemlak.com/_nuxt/8cafc93fb5c74c75e9e04e528e02ccdf.jpg","Whatsapp","Duha Yapı Ve Gayrimenkul","https://www.hepsiemlak.com/_nuxt/8cafc93fb5c74c75e9e04e528e02ccdf.jpg"
"https://www.hepsiemlak.com/izmir-torbali-ertugrul-kiralik/daire/7516-4007","35","36.500","21-10-2025","Kiralık Daire","3 +
                          1","160 m²","5
                        Yaşında","1. Kat","Mia Koru Torbalı 1.Etap'ta Arakat 3+1","İzmir / Torbalı / Ertuğrul Mah.","https://www.hepsiemlak.com/emlak-ofisi/anahtar-emlak-7516","https://www.hepsiemlak.com/_nuxt/8cafc93fb5c74c75e9e04e528e02ccdf.jpg","Whatsapp","Anahtar Emlak","https://www.hepsiemlak.com/_nuxt/8cafc93fb5c74c75e9e04e528e02ccdf.jpg"
"https://www.hepsiemlak.com/izmir-bornova-evka-3-kiralik/daire/35475-7713","17","32.000","03-12-2025","Kiralık Daire","3 +
                          1","140 m²","26
                        Yaşında","5. Kat","Bornova Evka-3 Doğalgazlı Full Eşyalı Kiralık 3+1 Daire","İzmir / Bornova / Evka 3 Mah.","https://www.hepsiemlak.com/emlak-ofisi/turyap-bayrakli-temsilciligi-35475","https://www.hepsiemlak.com/_nuxt/8cafc93fb5c74c75e9e04e528e02ccdf.jpg","Whatsapp","Turyap Bayraklı Temsilciliği","https://www.hepsiemlak.com/_nuxt/8cafc93fb5c74c75e9e04e528e02ccdf.jpg"
"https://www.hepsiemlak.com/izmir-buca-adatepe-kiralik/daire/126264-2488","10","19.990","02-12-2025","Kiralık Daire","3 +
                          1","145 m²","25
                        Yaşında","8. Kat","Merkezi Konumlu Site İçi 3+1 Remax Arma'dan","İzmir / Buca / Adatepe Mah.","https://www.hepsiemlak.com/emlak-ofisi/remax-arma-126264","https://www.hepsiemlak.com/_nuxt/8cafc93fb5c74c75e9e04e528e02ccdf.jpg","Whatsapp","Remax Arma","https://www.hepsiemlak.com/_nuxt/8cafc93fb5c74c75e9e04e528e02ccdf.jpg"
"https://www.hepsiemlak.com/izmir-buca-ataturk-kiralik/daire/128536-40","9","16.500","06-11-2025","Kiralık Daire","1 +
                          1","55 m²","3
                        Yaşında","1. Kat","Çağandan D.Gazlı Sıfır Eşyalı Cadde Üzerinde Kiralık Daire","İzmir / Buca / Atatürk Mah.","https://www.hepsiemlak.com/emlak-ofisi/cagan-emlak-128536/cagan-emlak-3218797","https://www.hepsiemlak.com/_nuxt/8cafc93fb5c74c75e9e04e528e02ccdf.jpg","Whatsapp","Çağan Emlak","https://www.hepsiemlak.com/_nuxt/8cafc93fb5c74c75e9e04e528e02ccdf.jpg"
"https://www.hepsiemlak.com/izmir-buca-kurucesme-kiralik/daire/154469-63","7","17.000","05-12-2025","Kiralık Daire","1 +
                          1","55 m²","6
                        Yaşında","2. Kat","Kampüse Yakın Fırsat Kiralık Eşyalı Daire","İzmir / Buca / Kuruçeşme Mah.","https://www.hepsiemlak.com/emlak-ofisi/alan-yapi-gayrimenkul-154469","https://www.hepsiemlak.com/_nuxt/8cafc93fb5c74c75e9e04e528e02ccdf.jpg","Whatsapp","Alan Yapı Gayrimenkul","https://www.hepsiemlak.com/_nuxt/8cafc93fb5c74c75e9e04e528e02ccdf.jpg"
"https://www.hepsiemlak.com/izmir-bornova-erzene-kiralik/daire/7044-6853","9","25.000","20-11-2025","Kiralık Daire","1 +
                          1","50 m²","7
                        Yaşında","1. Kat","Ege Emlak'tan Ata Zıraat Bankası Sokağında 1+1 Arakat 15/12/2025 Boş","İzmir / Bornova / Erzene Mah.","","https://www.hepsiemlak.com/_nuxt/8cafc93fb5c74c75e9e04e528e02ccdf.jpg","Whatsapp","",""
"https://www.hepsiemlak.com/izmir-karabaglar-doganay-kiralik/daire/24845-1881","9","27.000","12-11-2025","Kiralık Daire","3 +
                          1","120 m²","30
                        Yaşında","5. Kat","Antre Emlak'tan Kiralık Doğanay Mahallesinde 3+1, 120 M2 Doğalgazlı  Daire","İzmir / Karabağlar / Doğanay Mah.","https://www.hepsiemlak.com/emlak-ofisi/antre-emlak-24845/tahsin-yazici-24845","https://www.hepsiemlak.com/_nuxt/8cafc93fb5c74c75e9e04e528e02ccdf.jpg","Whatsapp","Antre Emlak","https://www.hepsiemlak.com/_nuxt/8cafc93fb5c74c75e9e04e528e02ccdf.jpg"
"https://www.hepsiemlak.com/izmir-seferihisar-duzce-kiralik/mustakil-ev/34418-2046","9","18.000","26-11-2025","Kiralık Müstakil Ev","3 +
                          1","242 m²","31
                        Yaşında","","Seferihisar Düzce Köyünde 3+1 Müstakil Köy Evi","İzmir / Seferihisar / Düzce Mah.","https://www.hepsiemlak.com/emlak-ofisi/adres-grup-gayrimenkul-34418/ayfer-dinar-707696","https://www.hepsiemlak.com/_nuxt/8cafc93fb5c74c75e9e04e528e02ccdf.jpg","Whatsapp","Adres Grup Gayrimenkul","https://www.hepsiemlak.com/_nuxt/8cafc93fb5c74c75e9e04e528e02ccdf.jpg"
"https://www.hepsiemlak.com/izmir-cigli-balatcik-kiralik/daire/106987-739","14","19.000","03-11-2025","Kiralık Daire","1 +
                          1","55 m²","Sıfır Bina","1. Kat","꧁▇ikçü Yakını Sıfır 1+1 Kiralık Daireler ▇꧂","İzmir / Çiğli / Balatçık Mah.","https://www.hepsiemlak.com/emlak-ofisi/kamusal-gayrimenkul-106987","https://www.hepsiemlak.com/_nuxt/8cafc93fb5c74c75e9e04e528e02ccdf.jpg","Whatsapp","Kamusal Gayrimenkul","https://www.hepsiemlak.com/_nuxt/8cafc93fb5c74c75e9e04e528e02ccdf.jpg"
"https://www.hepsiemlak.com/izmir-cesme-alacati-kiralik/villa/2152-8851","33","900.000","01-11-2025","Kiralık Villa","3 +
                          1","150 m²","15
                        Yaşında","","Alaçatı Göbene Mevkiinde Havuzlu Tam Müstakil Bahçeli Dubleks","İzmir / Çeşme / Alaçatı Mah.","https://www.hepsiemlak.com/emlak-ofisi/ege-emlak-2152","https://hecdnnw.hemlak.com/mncropresize/77/67/logo/2/5/1/2/0/0/ff89e351-5d21-40e6-9bfb-f53a5843be8d.jpg","Whatsapp","Ege Emlak",""
"https://www.hepsiemlak.com/izmir-bayrakli-alpaslan-kiralik/daire/5161-2535","21","18.000","28-11-2025","Kiralık Daire","2 +
                          1","125 m²","21
                        Yaşında","4. Kat","Mert Emlak'tan Kiralık Daire","İzmir / Bayraklı / Alpaslan Mah.","","","Whatsapp","",""
"https://www.hepsiemlak.com/izmir-buca-guven-kiralik/daire/162890-4","14","23.000","20-11-2025","Kiralık Daire","3 +
                          1","140 m²","21
                        Yaşında","Kot 1","Şirinyer Güven Mahh. Eşyalı 3+1","İzmir / Buca / Güven Mah.","https://www.hepsiemlak.com/emlak-ofisi/urper-real-estate-162890","https://hecdnnw.hemlak.com/mncropresize/77/67/logo/0/9/8/2/6/1/cb1967fe-4b09-434c-9d25-4c208c7aacf7.jpg","Whatsapp","Ürper Real Estate",""
"https://www.hepsiemlak.com/izmir-konak-akin-simav-kiralik/daire/155366-43","14","28.000","27-11-2025","Kiralık Daire","3 +
                          1","130 m²","31
                        Yaşında","2. Kat","Halilrıfat Paşa Cadde Üzerinde Arakat Doğalgazlı Klimalı 3+1","İzmir / Konak / Akın Simav Mah.","https://www.hepsiemlak.com/emlak-ofisi/batu-gayrimenkul-155366","https://www.hepsiemlak.com/_nuxt/8cafc93fb5c74c75e9e04e528e02ccdf.jpg","Whatsapp","Batu Gayrimenkul","https://www.hepsiemlak.com/_nuxt/8cafc93fb5c74c75e9e04e528e02ccdf.jpg"
"https://www.hepsiemlak.com/izmir-cigli-yeni-mahalle-kiralik/daire/147140-165","12","27.000","05-12-2025","Kiralık Daire","2 +
                          1","110 m²","21
                        Yaşında","2. Kat","Çiğli Yeni Mahalle'de Kiralık 2+1 Daire","İzmir / Çiğli / Yeni Mahalle Mah.","https://www.hepsiemlak.com/emlak-ofisi/turpa-enerji-147140","https://www.hepsiemlak.com/_nuxt/8cafc93fb5c74c75e9e04e528e02ccdf.jpg","Whatsapp","Turpa Enerji","https://www.hepsiemlak.com/_nuxt/8cafc93fb5c74c75e9e04e528e02ccdf.jpg"
"https://www.hepsiemlak.com/izmir-selcuk-isa-bey-kiralik/daire/74491-186","11","29.500","05-11-2025","Kiralık Daire","2 +
                          1","105 m²","25
                        Yaşında","Ara Kat","Zemaks Gayrimenkulden 2+1eşyalı Kiralik Daire....","İzmir / Selçuk / İsa Bey Mah.","https://www.hepsiemlak.com/emlak-ofisi/zemaks-emlak-74491","https://www.hepsiemlak.com/_nuxt/8cafc93fb5c74c75e9e04e528e02ccdf.jpg","Whatsapp","Zemaks Emlak","https://www.hepsiemlak.com/_nuxt/8cafc93fb5c74c75e9e04e528e02ccdf.jpg"
"https://www.hepsiemlak.com/izmir-buca-yildiz-kiralik/daire/149571-122","11","15.500","25-11-2025","Kiralık Daire","2 +
                          1","75 m²","30
                        Yaşında","Yüksek Giriş","Buca Yıldızda Site İçi Asansörlü Kiralık Daire 70 M2 2+1 Yüksekgırış","İzmir / Buca / Yıldız Mah.","https://www.hepsiemlak.com/emlak-ofisi/yuksel-emlak-insaat-149571","https://www.hepsiemlak.com/_nuxt/8cafc93fb5c74c75e9e04e528e02ccdf.jpg","Whatsapp","Yüksel Emlak İnşaat","https://www.hepsiemlak.com/img/loadings/noImage55-55.png"
"https://www.hepsiemlak.com/izmir-cesme-alacati-kiralik/yazlik/65747-791","31","850.000","02-12-2025","Kiralık Yazlık","4 +
                          1","130 m²","4
                        Yaşında","Villa Katı","(y791) Göbene Mevkii, Havuzlu Butik Site, Bağımsız, 4+1 Taş Vil.","İzmir / Çeşme / Alaçatı Mah.","https://www.hepsiemlak.com/emlak-ofisi/ozkanlar-gayrimenkul-danismanligi-65747","https://www.hepsiemlak.com/_nuxt/8cafc93fb5c74c75e9e04e528e02ccdf.jpg","Whatsapp","Özkanlar Gayrimenkul Danışmanlığı","https://www.hepsiemlak.com/_nuxt/8cafc93fb5c74c75e9e04e528e02ccdf.jpg"
"https://www.hepsiemlak.com/izmir-karsiyaka-semikler-kiralik/bina/122554-46","9","20.000","21-11-2025","Kiralık Bina","1 +
                          1","35 m²","2
                        Yaşında","","Karşıyaka Şemikler Mahallesi 6304 Sokakta  1+1 Kiralık Daire","İzmir / Karşıyaka / Şemikler Mah.","","https://www.hepsiemlak.com/_nuxt/8cafc93fb5c74c75e9e04e528e02ccdf.jpg","Whatsapp","",""
"https://www.hepsiemlak.com/izmir-gaziemir-dokuz-eylul-kiralik/daire/149962-160","23","70.000","04-12-2025","Kiralık Daire","2 +
                          1","109 m²","3
                        Yaşında","2. Kat","Gaziemir Landor'da 2+1 Full Eşyalı Lüks Kiralık Daire","İzmir / Gaziemir / Dokuz Eylül Mah.","https://www.hepsiemlak.com/emlak-ofisi/dora-urla-gayrimenkul-149962","https://www.hepsiemlak.com/_nuxt/8cafc93fb5c74c75e9e04e528e02ccdf.jpg","Whatsapp","Dora Urla Gayrimenkul","https://www.hepsiemlak.com/_nuxt/8cafc93fb5c74c75e9e04e528e02ccdf.jpg"
"https://www.hepsiemlak.com/izmir-bornova-ergene-kiralik/daire/161217-56","28","40.500","06-11-2025","Kiralık Daire","2 +
                          1","100 m²","11
                        Yaşında","4. Kat","Bornova Merkeze 2 Dk. Mesafede Geniş 2+1 Daire","İzmir / Bornova / Ergene Mah.","https://www.hepsiemlak.com/emlak-ofisi/crea-gayrimenkul-161217","https://www.hepsiemlak.com/_nuxt/8cafc93fb5c74c75e9e04e528e02ccdf.jpg","Whatsapp","Crea Gayrimenkul","https://www.hepsiemlak.com/_nuxt/8cafc93fb5c74c75e9e04e528e02ccdf.jpg"
"https://www.hepsiemlak.com/izmir-buca-kurucesme-kiralik/daire/133137-813","21","18.000","17-11-2025","Kiralık Daire","1 +
                          1","50 m²","1
                        Yaşında","2. Kat","Buca Kuruçeşme Mahallesinde 1+1 Doğalgazlı Eşyalı Kiralık Daire","İzmir / Buca / Kuruçeşme Mah.","","https://www.hepsiemlak.com/_nuxt/8cafc93fb5c74c75e9e04e528e02ccdf.jpg","Whatsapp","",""
"https://www.hepsiemlak.com/izmir-balcova-koruturk-kiralik/daire/0-45484999","17","40.000","28-10-2025","Kiralık Daire","2 +
                          1","100 m²","38
                        Yaşında","3. Kat","Duraklar Gayrimenkul 2+1  Eşyalı Kiralık Daire","İzmir / Balçova / Korutürk Mah.","","https://www.hepsiemlak.com/_nuxt/8cafc93fb5c74c75e9e04e528e02ccdf.jpg","Whatsapp","",""
"https://www.hepsiemlak.com/izmir-odemis-ataturk-kiralik/daire/136491-6","21","24.500","04-11-2025","Kiralık Daire","2 +
                          1","105 m²","3
                        Yaşında","4. Kat","Hastane Yakınında Ara Kat Doğalgazlı Ferah 2+1 Kiralık Daire","İzmir / Ödemiş / Atatürk Mah.","https://www.hepsiemlak.com/emlak-ofisi/oguz-ozkoc-emlak-136491","https://www.hepsiemlak.com/_nuxt/8cafc93fb5c74c75e9e04e528e02ccdf.jpg","Whatsapp","Oğuz Özkoç Emlak","https://www.hepsiemlak.com/_nuxt/8cafc93fb5c74c75e9e04e528e02ccdf.jpg"
"https://www.hepsiemlak.com/izmir-cigli-yeni-mahalle-kiralik/daire/79650-103","20","23.000","21-11-2025","Kiralık Daire","1 +
                          1","50 m²","5
                        Yaşında","2. Kat","Vip Gayrimenkulden Çiğli Eğitim Hastanesi Yakını Kiralık 1+1","İzmir / Çiğli / Yeni Mahalle Mah.","https://www.hepsiemlak.com/emlak-ofisi/vip-gayrimenkul-danismanligi-79650/umit-erdem-1532329","https://www.hepsiemlak.com/_nuxt/8cafc93fb5c74c75e9e04e528e02ccdf.jpg","Whatsapp","Vip Gayrimenkul Danışmanlığı","https://www.hepsiemlak.com/_nuxt/8cafc93fb5c74c75e9e04e528e02ccdf.jpg"
"https://www.hepsiemlak.com/izmir-seferihisar-camikebir-kiralik/daire/62012-383","36","29.000","24-11-2025","Kiralık Daire","2 +
                          1","85 m²","4
                        Yaşında","2. Kat","Camikebir Karakayalarda Eşyalı Arakat Köşe Doğalgazlı Daire","İzmir / Seferihisar / Camikebir Mah.","https://www.hepsiemlak.com/emlak-ofisi/mhs-emlak-62012","https://www.hepsiemlak.com/_nuxt/8cafc93fb5c74c75e9e04e528e02ccdf.jpg","Whatsapp","Mhs Emlak","https://www.hepsiemlak.com/_nuxt/8cafc93fb5c74c75e9e04e528e02ccdf.jpg"
"https://www.hepsiemlak.com/izmir-karsiyaka-semikler-kiralik/daire/95855-309","25","26.000","14-10-2025","Kiralık Daire","2 +
                          1","70 m²","Sıfır Bina","2. Kat","Ordu Bul. Anadolu Cad. Arası Sıfır Arakat 2+1 Kiralık Daire...","İzmir / Karşıyaka / Şemikler Mah.","","https://www.hepsiemlak.com/_nuxt/8cafc93fb5c74c75e9e04e528e02ccdf.jpg","Whatsapp","",""
"https://www.hepsiemlak.com/izmir-balcova-teleferik-kiralik/daire/0-45415232","26","30.000","25-10-2025","Kiralık Daire","3 +
                          1","100 m²","26
                        Yaşında","4. Kat","3+1 Teleferik Mahallesi Kiralık Daire","İzmir / Balçova / Teleferik Mah.","","https://www.hepsiemlak.com/_nuxt/8cafc93fb5c74c75e9e04e528e02ccdf.jpg","Whatsapp","",""
"https://www.hepsiemlak.com/izmir-menemen-esatpasa-kiralik/daire/155852-19","27","20.500","09-10-2025","Kiralık Daire","3 +
                          1","125 m²","11
                        Yaşında","4. Kat","Er / Ka Gayrimenkulden İzbana 2 Dk , 3+1 Kiralık Daire","İzmir / Menemen / Esatpaşa Mah.","","https://www.hepsiemlak.com/_nuxt/8cafc93fb5c74c75e9e04e528e02ccdf.jpg","Whatsapp","",""
"https://www.hepsiemlak.com/izmir-karabaglar-aydin-kiralik/daire/155802-209","25","20.000","03-11-2025","Kiralık Daire","3 +
                          1","150 m²","26
                        Yaşında","Yüksek Giriş","Aydın Mah. Ali Akatlar Okulu Yakını 3+1 Bakımlı D.Gazlı Kiralık","İzmir / Karabağlar / Aydın Mah.","https://www.hepsiemlak.com/emlak-ofisi/eys-grup-gayrimenkul-155802","https://www.hepsiemlak.com/_nuxt/8cafc93fb5c74c75e9e04e528e02ccdf.jpg","","Eys Grup Gayrimenkul","https://www.hepsiemlak.com/_nuxt/8cafc93fb5c74c75e9e04e528e02ccdf.jpg"
"https://www.hepsiemlak.com/izmir-bayindir-yusuflu-kiralik/mustakil-ev/0-45373977","18","25.000","02-12-2025","Kiralık Müstakil Ev","5 +
                          1","177 m²","35
                        Yaşında","","Taş Dubleks Bahçeli Müstakil Köy Evi-Full Eşyalı","İzmir / Bayındır / Yusuflu Mah.","","https://www.hepsiemlak.com/_nuxt/8cafc93fb5c74c75e9e04e528e02ccdf.jpg","Whatsapp","",""
"https://www.hepsiemlak.com/izmir-cigli-kucuk-cigli-kiralik/daire/0-45346021","20","28.000","01-10-2025","Kiralık Daire","2 +
                          1","70 m²","Sıfır Bina","2. Kat","Üniversite Ve Hastane Yakını Egekent Aktarma'da 2+1 Daire","İzmir / Çiğli / Küçük Çiğli Mah.","","https://www.hepsiemlak.com/_nuxt/8cafc93fb5c74c75e9e04e528e02ccdf.jpg","Whatsapp","",""
"https://www.hepsiemlak.com/izmir-seferihisar-camikebir-kiralik/daire/74061-419","30","35.000","30-09-2025","Kiralık Daire","2 +
                          1","100 m²","5
                        Yaşında","1. Kat","Sakın Sokakta K.Mutfak Kiralık Daire (iş Yeri Olarakta Kiralamaya Uygundur)","İzmir / Seferihisar / Camikebir Mah.","https://www.hepsiemlak.com/emlak-ofisi/binax-seferihisar-74061","https://www.hepsiemlak.com/_nuxt/8cafc93fb5c74c75e9e04e528e02ccdf.jpg","Whatsapp","Binax Seferihisar","https://www.hepsiemlak.com/_nuxt/8cafc93fb5c74c75e9e04e528e02ccdf.jpg"
"https://www.hepsiemlak.com/izmir-menemen-85-yil-cumhuriyet-kiralik/daire/158445-190","16","18.000","02-10-2025","Kiralık Daire","1 +
                          1","49 m²","1
                        Yaşında","3. Kat","Menemen Seyrek 85.Yıl Cumhuriyet Mahallesinde Kiralık 1+1 Daire","İzmir / Menemen / 85. Yıl Cumhuriyet Mah.","https://www.hepsiemlak.com/emlak-ofisi/startkey-akin-158445","https://www.hepsiemlak.com/_nuxt/8cafc93fb5c74c75e9e04e528e02ccdf.jpg","Whatsapp","Startkey Akın","https://www.hepsiemlak.com/_nuxt/8cafc93fb5c74c75e9e04e528e02ccdf.jpg"
"https://www.hepsiemlak.com/izmir-seferihisar-payamli-kiralik/yazlik/0-45297585","27","20.000","07-10-2025","Kiralık Yazlık","1 +
                          1","70 m²","5
                        Yaşında","Bahçe Katı","İzmir Seferihisar Ürkmez'de Ful Eşyalı Bahçeli, Teraslı Yazlık","İzmir / Seferihisar / Payamlı Mah.","","","Whatsapp","",""
"https://www.hepsiemlak.com/izmir-balcova-egitim-kiralik/daire/0-45295367","21","30.000","20-10-2025","Kiralık Daire","3 +
                          1","130 m²","38
                        Yaşında","4. Kat","Sahibinden Kiralık","İzmir / Balçova / Eğitim Mah.","","","Whatsapp","",""
"https://www.hepsiemlak.com/izmir-cigli-yeni-mahalle-kiralik/daire/692668-248","34","40.000","20-09-2025","Kiralık Daire","4 +
                          1","185 m²","11
                        Yaşında","1. Kat","Çiğli Yenimahalle'de Kiralık 4+1 Daire 175 M²","İzmir / Çiğli / Yeni Mahalle Mah.","https://www.hepsiemlak.com/emlak-ofisi/hdr-group-gayrimenkul-692668/hidir-tuncer-1829760","https://hecdnnw.hemlak.com/mncropresize/77/67/firmuser/0/6/7/9/2/8/1/c391dbd1-205e-4c3e-8092-a8226b089d58.jpg","Whatsapp","Hdr Group Gayrimenkul","https://hecdnnw.hemlak.com/mncropresize/77/67/logo/8/6/6/2/9/6/915695fa-2167-4533-b4c4-1907b6409d57.jpg"
"https://www.hepsiemlak.com/izmir-torbali-ertugrul-kiralik/daire/162087-8","32","27.000","18-11-2025","Kiralık Daire","3 +
                          1","135 m²","21
                        Yaşında","3. Kat","Torbalı Ertuğrul Mahallesinde Eşyalı Kiralık 3+1 Daire","İzmir / Torbalı / Ertuğrul Mah.","https://www.hepsiemlak.com/emlak-ofisi/menekse-gayrimenkul-162087","https://www.hepsiemlak.com/_nuxt/8cafc93fb5c74c75e9e04e528e02ccdf.jpg","Whatsapp","Menekşe Gayrimenkul","https://www.hepsiemlak.com/img/loadings/noImage55-55.png"
"https://www.hepsiemlak.com/izmir-torbali-yedi-eylul-kiralik/daire/82780-37","30","18.500","04-11-2025","Kiralık Daire","2 +
                          1","130 m²","15
                        Yaşında","En Üst Kat","Torbalı Mah. Kipa Karşısı Geniş 2+1 Kiralık Temiz Daire","İzmir / Torbalı / Yedi Eylül Mah.","https://www.hepsiemlak.com/emlak-ofisi/yatirim-emlak-82780","https://www.hepsiemlak.com/_nuxt/8cafc93fb5c74c75e9e04e528e02ccdf.jpg","Whatsapp","Yatırım Emlak","https://www.hepsiemlak.com/img/loadings/noImage55-55.png"
"https://www.hepsiemlak.com/izmir-buca-kurucesme-kiralik/daire/0-45236105","15","12.500","11-09-2025","Kiralık Daire","2 +
                          0","60 m²","15
                        Yaşında","Ara Kat","Öğrenciye Ve Çalışana Kiralık Daireler","İzmir / Buca / Kuruçeşme Mah.","","https://www.hepsiemlak.com/_nuxt/8cafc93fb5c74c75e9e04e528e02ccdf.jpg","Whatsapp","",""
"https://www.hepsiemlak.com/izmir-buca-laleli-kiralik/daire/0-45232867","46","17.000","11-09-2025","Kiralık Daire","1 +
                          1","45 m²","2
                        Yaşında","Yüksek Giriş","Sahıbınden Buca Şirinyer İzban Yakını 1+1 Daire Asansörlü","İzmir / Buca / Laleli Mah.","","https://www.hepsiemlak.com/_nuxt/8cafc93fb5c74c75e9e04e528e02ccdf.jpg","Whatsapp","",""
"https://www.hepsiemlak.com/izmir-bornova-inonu-kiralik/daire/0-45218239","15","33.000","09-09-2025","Kiralık Daire","3 +
                          1","130 m²","13
                        Yaşında","Ara Kat","Müstakil Kiralık Ev","İzmir / Bornova / İnönü Mah.","","https://www.hepsiemlak.com/_nuxt/8cafc93fb5c74c75e9e04e528e02ccdf.jpg","Whatsapp","",""
"https://www.hepsiemlak.com/izmir-balcova-koruturk-kiralik/daire/0-45218296","27","36.000","01-12-2025","Kiralık Daire","2 +
                          1","126 m²","20
                        Yaşında","Ara Kat","2+1 Kiralık Daire ,Yenilenmiş İzmir Balçova ,Korutürk Mahallesi.","İzmir / Balçova / Korutürk Mah.","","https://www.hepsiemlak.com/_nuxt/8cafc93fb5c74c75e9e04e528e02ccdf.jpg","Whatsapp","",""
"https://www.hepsiemlak.com/izmir-buca-yaylacik-kiralik/daire/0-45186931","19","30.000","09-09-2025","Kiralık Daire","3 +
                          1","145 m²","17
                        Yaşında","8. Kat","Buca Mevlana 3+1kiralık Daire","İzmir / Buca / Yaylacık Mah.","","https://www.hepsiemlak.com/_nuxt/8cafc93fb5c74c75e9e04e528e02ccdf.jpg","Whatsapp","",""
"https://www.hepsiemlak.com/izmir-bornova-erzene-kiralik/daire/0-45180732","17","30.000","26-10-2025","Kiralık Daire","2 +
                          1","90 m²","26
                        Yaşında","5. Kat","Ege Üniversitesi Kampsü Yakınında 2+1 Doğalgazlı Kiralık Daire","İzmir / Bornova / Erzene Mah.","","https://www.hepsiemlak.com/_nuxt/8cafc93fb5c74c75e9e04e528e02ccdf.jpg","Whatsapp","",""
"https://www.hepsiemlak.com/izmir-menderes-gazipasa-kiralik/daire/0-45156598","15","30.000","17-10-2025","Kiralık Daire","2 +
                          1","90 m²","12
                        Yaşında","4. Kat","Sahibinden Kiralık Site İçi  2+1","İzmir / Menderes / Gazipaşa Mah.","","https://www.hepsiemlak.com/_nuxt/8cafc93fb5c74c75e9e04e528e02ccdf.jpg","Whatsapp","",""
"https://www.hepsiemlak.com/izmir-cesme-reisdere-kiralik/daire/0-45085426","22","35.000","12-09-2025","Kiralık Daire","2 +
                          1","90 m²","11
                        Yaşında","2. Kat","Merkezi Konumda, Ulaşımı Kolay 2+1 Kiralık Daire!","İzmir / Çeşme / Reisdere Mah.","","https://www.hepsiemlak.com/_nuxt/8cafc93fb5c74c75e9e04e528e02ccdf.jpg","Whatsapp","",""
"https://www.hepsiemlak.com/izmir-karsiyaka-mavisehir-kiralik/daire/0-45074171","60","62.000","09-11-2025","Kiralık Daire","3 +
                          1","160 m²","21
                        Yaşında","12. Kat","Sahibinden Deniz Manzaralı Flamingo Bloklarında 3+1","İzmir / Karşıyaka / Mavişehir Mah.","","https://www.hepsiemlak.com/_nuxt/8cafc93fb5c74c75e9e04e528e02ccdf.jpg","Whatsapp","",""
"https://www.hepsiemlak.com/izmir-karsiyaka-cumhuriyet-kiralik/bina/142601-145","42","19.000","03-11-2025","Kiralık Bina","3 +
                          1","120 m²","30
                        Yaşında","","Karşıyaka Cumhuriyet Mahallesi'nde 3+1 Kiralık Daire","İzmir / Karşıyaka / Cumhuriyet Mah.","https://www.hepsiemlak.com/emlak-ofisi/dikey-emlak-insaat-142601","https://www.hepsiemlak.com/_nuxt/8cafc93fb5c74c75e9e04e528e02ccdf.jpg","Whatsapp","Dikey Emlak İnşaat","https://www.hepsiemlak.com/_nuxt/8cafc93fb5c74c75e9e04e528e02ccdf.jpg"
"https://www.hepsiemlak.com/izmir-karsiyaka-atakent-kiralik/daire/0-45000660","16","47.000","26-10-2025","Kiralık Daire","3 +
                          1","180 m²","30
                        Yaşında","4. Kat","Bestekar Sadi Hoşses'te Sahibinden Kiralık Geniş 3+1","İzmir / Karşıyaka / Atakent Mah.","","https://www.hepsiemlak.com/_nuxt/8cafc93fb5c74c75e9e04e528e02ccdf.jpg","Whatsapp","",""
"https://www.hepsiemlak.com/izmir-cesme-alacati-kiralik/villa/0-44985059","19","500.000","24-10-2025","Kiralık Villa","4 +
                          1","220 m²","22
                        Yaşında","","Deniz Manzaralı Villa","İzmir / Çeşme / Alaçatı Mah.","","https://www.hepsiemlak.com/_nuxt/8cafc93fb5c74c75e9e04e528e02ccdf.jpg","Whatsapp","",""
"https://www.hepsiemlak.com/izmir-dikili-candarli-kiralik/daire/0-44795221","22","5.000","27-10-2025","Kiralık Daire","1 +
                          1","50 m²","2
                        Yaşında","Bahçe Katı","Çandarlıda Günlük Sezonluk Kıralık","İzmir / Dikili / Çandarlı Mah.","","https://www.hepsiemlak.com/_nuxt/8cafc93fb5c74c75e9e04e528e02ccdf.jpg","Whatsapp","",""
"https://www.hepsiemlak.com/izmir-karsiyaka-semikler-kiralik/daire/0-44176312","20","41.900","17-11-2025","Kiralık Daire","2 +
                          1","100 m²","4
                        Yaşında","1. Kat","1yıl Uzun Süreli Değil 4-6 Aylık Kiralık Daire Eşyalı Kiralık Ev","İzmir / Karşıyaka / Şemikler Mah.","","https://www.hepsiemlak.com/_nuxt/8cafc93fb5c74c75e9e04e528e02ccdf.jpg","Whatsapp","",""
"https://www.hepsiemlak.com/izmir-cesme-boyalik-kiralik/residence/148194-50","17","500.000","24-10-2025","Kiralık Residence","1 +
                          1","60 m²","1
                        Yaşında","Zemin","Çeşme Boyalık Inn'de Yıllık 1+1 Kiralık","İzmir / Çeşme / Boyalık Mah.","https://www.hepsiemlak.com/emlak-ofisi/ezel-emlak-148194","https://www.hepsiemlak.com/_nuxt/8cafc93fb5c74c75e9e04e528e02ccdf.jpg","Whatsapp","Ezel Emlak","https://www.hepsiemlak.com/_nuxt/8cafc93fb5c74c75e9e04e528e02ccdf.jpg"
"https://www.hepsiemlak.com/izmir-buca-kurucesme-kiralik/daire/0-43580621","60","21.000","13-11-2025","Kiralık Daire","2 +
                          1","75 m²","8
                        Yaşında","2. Kat","Tınaztepe Hst Yakını Üniversite Ve Kız Yurduna Çevre Yoluna Yakın Doğalgazlı, Eşyalı 2+1 Daire","İzmir / Buca / Kuruçeşme Mah.","","https://www.hepsiemlak.com/_nuxt/8cafc93fb5c74c75e9e04e528e02ccdf.jpg","Whatsapp","",""
"https://www.hepsiemlak.com/izmir-konak-guzelyali-kiralik/daire/0-43220358","21","37.000","24-11-2025","Kiralık Daire","2 +
                          1","85 m²","25
                        Yaşında","Çatı Katı","Sahibinden Poligon Metro İstasyonu Yakını Eşyalı Kiralık Daire","İzmir / Konak / Güzelyalı Mah.","","https://www.hepsiemlak.com/_nuxt/8cafc93fb5c74c75e9e04e528e02ccdf.jpg","Whatsapp","",""
"https://www.hepsiemlak.com/izmir-gaziemir-atifbey-kiralik/daire/0-41290411","35","42.500","09-10-2025","Kiralık Daire","3 +
                          1","135 m²","25
                        Yaşında","Ara Kat","Sahibinden Tadilatlı Kiralık Daire","İzmir / Gaziemir / Atıfbey Mah.","","https://www.hepsiemlak.com/_nuxt/8cafc93fb5c74c75e9e04e528e02ccdf.jpg","Whatsapp","",""
"https://www.hepsiemlak.com/izmir-cesme-universite-kiralik/villa/0-40751903","19","40.000","11-10-2025","Kiralık Villa","3 +
                          1","230 m²","25
                        Yaşında","","Çeşme De Full Yunan Adaları Manzaralı Yüzme Havuzlu Villa Aylık Kiralık","İzmir / Çeşme / Üniversite Mah.","","https://www.hepsiemlak.com/_nuxt/8cafc93fb5c74c75e9e04e528e02ccdf.jpg","Whatsapp","",""
"https://www.hepsiemlak.com/izmir-cesme-ciftlik-kiralik/villa/0-40610451","31","150.000","10-11-2025","Kiralık Villa","5 +
                          2","205 m²","3
                        Yaşında","","***fırsat **** Çeşme 5+2 Trıplex Denize Yakın","İzmir / Çeşme / Çiftlik Mah.","","","Whatsapp","",""
"https://www.hepsiemlak.com/izmir-karsiyaka-zubeyde-hanim-kiralik/daire/0-40431333","17","18.000","02-12-2025","Kiralık Daire","2 +
                          1","120 m²","25
                        Yaşında","Zemin","Zübeyde Hanım Mahallesi Kiralık Daire","İzmir / Karşıyaka / Zübeyde Hanım Mah.","","","Whatsapp","",""
"https://www.hepsiemlak.com/izmir-buca-ataturk-kiralik/daire/0-39725029","17","20.000","15-10-2025","Kiralık Daire","1 +
                          1","65 m²","5
                        Yaşında","6. Kat","Sahibinden Atatürk Mah.Site İçerisinde Full Eşyalı Lüx Daire","İzmir / Buca / Atatürk Mah.","","","Whatsapp","",""
"https://www.hepsiemlak.com/izmir-konak-kultur-kiralik/daire/134354-2578","16","35.000","03-12-2025","Kiralık Daire","2 +
                          1","85 m²","29
                        Yaşında","3. Kat","Alsancak Kıbrıs Şehitlerine, Travmaya Ve Hastahaneye 3 Dakika-Temiz Masrafsız 2+1 Kiralık Daire","İzmir / Konak / Kültür Mah.","https://www.hepsiemlak.com/emlak-ofisi/remax-target-134354","https://www.hepsiemlak.com/_nuxt/8cafc93fb5c74c75e9e04e528e02ccdf.jpg","Whatsapp","Remax Target","https://www.hepsiemlak.com/_nuxt/8cafc93fb5c74c75e9e04e528e02ccdf.jpg"
"https://www.hepsiemlak.com/izmir-karsiyaka-bahriye-ucok-kiralik/daire/119979-1803","60","25.000","28-11-2025","Kiralık Daire","3 +
                          1","105 m²","31
                        Yaşında","Zemin","Bahriye Üçok Karşıyakada Ana Caddeye Yakın Kiralık 3+1 Daire","İzmir / Karşıyaka / Bahriye Üçok Mah.","https://www.hepsiemlak.com/emlak-ofisi/startkey-puzzle-119979","https://www.hepsiemlak.com/_nuxt/8cafc93fb5c74c75e9e04e528e02ccdf.jpg","Whatsapp","Startkey Puzzle","https://www.hepsiemlak.com/_nuxt/8cafc93fb5c74c75e9e04e528e02ccdf.jpg"
"https://www.hepsiemlak.com/izmir-foca-kozbeyli-kiralik/villa/162799-7","20","75.000","03-12-2025","Kiralık Villa","4 +
                          1","310 m²","1
                        Yaşında","Bahçe Katı","Foça Kozbeyli Merkezi Konumda 4+1 Tripleks Bahçeli Kiralık Villa","İzmir / Foça / Kozbeyli Mah.","https://www.hepsiemlak.com/emlak-ofisi/tm-gayrimenkul-162799/aysan-kilic-4547975","https://www.hepsiemlak.com/_nuxt/8cafc93fb5c74c75e9e04e528e02ccdf.jpg","Whatsapp","Tm Gayrimenkul","https://www.hepsiemlak.com/_nuxt/8cafc93fb5c74c75e9e04e528e02ccdf.jpg"
"https://www.hepsiemlak.com/izmir-karabaglar-vatan-kiralik/daire/0-39201078","35","20.000","01-12-2025","Kiralık Daire","2 +
                          1","120 m²","18
                        Yaşında","Giriş Katı","Sahibinden Yeşilyurt Vatan  Da  Köşe Konumda  2+1  İki Cepheli Balkonlu Klimalı Şofbenli Daire.","İzmir / Karabağlar / Vatan Mah.","","https://www.hepsiemlak.com/_nuxt/8cafc93fb5c74c75e9e04e528e02ccdf.jpg","Whatsapp","",""
"https://www.hepsiemlak.com/izmir-cesme-alacati-kiralik/mustakil-ev/106456-144","43","1.275.000","20-11-2025","Kiralık Müstakil Ev","4 +
                          1","408 m²","4
                        Yaşında","","Alaçatı Çamlık Yolda Kiralık Müstakil Havuzlu Villa","İzmir / Çeşme / Alaçatı Mah.","","https://www.hepsiemlak.com/_nuxt/8cafc93fb5c74c75e9e04e528e02ccdf.jpg","Whatsapp","",""
"https://www.hepsiemlak.com/izmir-dikili-candarli-kiralik/daire/0-37189268","16","30.000","15-09-2025","Kiralık Daire","2 +
                          1","100 m²","5
                        Yaşında","1. Kat","Çandarlı Eyko Sitesinde Deniz Kenarı Manzaralı 1. Kat Kiralık Eşyalı Daire","İzmir / Dikili / Çandarlı Mah.","","https://www.hepsiemlak.com/_nuxt/8cafc93fb5c74c75e9e04e528e02ccdf.jpg","Whatsapp","",""
"https://www.hepsiemlak.com/izmir-karabaglar-vatan-kiralik/daire/122992-1060","6","15.000","29-11-2025","Kiralık Daire","1 +
                          1","50 m²","31
                        Yaşında","2. Kat","Hast.Polk Karşısı Kiralık Daireler Dgazlı","İzmir / Karabağlar / Vatan Mah.","","https://www.hepsiemlak.com/_nuxt/8cafc93fb5c74c75e9e04e528e02ccdf.jpg","Whatsapp","",""
"https://www.hepsiemlak.com/izmir-konak-mimar-sinan-kiralik/daire/37467-2910","14","35.000","24-11-2025","Kiralık Daire","3 +
                          1","110 m²","31
                        Yaşında","2. Kat","Alsancak Mimar Sinanın En Güzel Sokağında Kiralık Temiz Bakımlı Daire","İzmir / Konak / Mimar Sinan Mah.","","https://www.hepsiemlak.com/_nuxt/8cafc93fb5c74c75e9e04e528e02ccdf.jpg","Whatsapp","",""
"https://www.hepsiemlak.com/izmir-cigli-yeni-mahalle-kiralik/daire/112706-7981","33","45.000","01-12-2025","Kiralık Daire","2 +
                          1","123 m²","6
                        Yaşında","6. Kat","Parkyaşam Ataşehirde Açık Mutfaklı Dışa Bakan 2+1 Kiralık Daire","İzmir / Çiğli / Yeni Mahalle Mah.","https://www.hepsiemlak.com/emlak-ofisi/kw-alesta-viya-orsa-2-112706","https://www.hepsiemlak.com/_nuxt/8cafc93fb5c74c75e9e04e528e02ccdf.jpg","Whatsapp","Kw Alesta-viya-orsa 2","https://www.hepsiemlak.com/_nuxt/8cafc93fb5c74c75e9e04e528e02ccdf.jpg"
"https://www.hepsiemlak.com/izmir-bornova-evka-3-kiralik/daire/59475-1099","25","32.000","13-10-2025","Kiralık Daire","3 +
                          1","120 m²","30
                        Yaşında","2. Kat","Volkan Emlaktan Bornova Evka3 Pazar Yerinde 3+1","İzmir / Bornova / Evka 3 Mah.","","https://www.hepsiemlak.com/_nuxt/8cafc93fb5c74c75e9e04e528e02ccdf.jpg","Whatsapp","",""
"https://www.hepsiemlak.com/izmir-karsiyaka-donanmaci-kiralik/daire/17600-1956","19","28.000","22-10-2025","Kiralık Daire","2 +
                          1","100 m²","35
                        Yaşında","4. Kat","Karşıyaka Fazılbey Caddesinde Kiralık 2+1 Daire","İzmir / Karşıyaka / Donanmacı Mah.","https://www.hepsiemlak.com/emlak-ofisi/kantar-emlak-17600","https://www.hepsiemlak.com/_nuxt/8cafc93fb5c74c75e9e04e528e02ccdf.jpg","Whatsapp","Kantar Emlak","https://www.hepsiemlak.com/_nuxt/8cafc93fb5c74c75e9e04e528e02ccdf.jpg"
"https://www.hepsiemlak.com/izmir-karabaglar-poligon-kiralik/daire/1580-1806","19","30.000","20-10-2025","Kiralık Daire","3 +
                          1","125 m²","40
                        Yaşında","1. Kat","Poligon Metrocıkısı Yakını Eşyalı Dogalgazlı","İzmir / Karabağlar / Poligon Mah.","https://www.hepsiemlak.com/emlak-ofisi/metin-emlak-1580","https://www.hepsiemlak.com/_nuxt/8cafc93fb5c74c75e9e04e528e02ccdf.jpg","Whatsapp","Metin Emlak","https://www.hepsiemlak.com/_nuxt/8cafc93fb5c74c75e9e04e528e02ccdf.jpg"
"https://www.hepsiemlak.com/izmir-buca-adatepe-kiralik/daire/109159-598","13","22.000","17-11-2025","Kiralık Daire","2 +
                          1","65 m²","5
                        Yaşında","2. Kat","Safir' Den 2+1 Kiralık Daire","İzmir / Buca / Adatepe Mah.","https://www.hepsiemlak.com/emlak-ofisi/safir-gayrimenkul-ve-yatirim-danismanligi-109159","https://www.hepsiemlak.com/_nuxt/8cafc93fb5c74c75e9e04e528e02ccdf.jpg","Whatsapp","Safir Gayrimenkul Ve Yatırım Danışmanlığı","https://www.hepsiemlak.com/_nuxt/8cafc93fb5c74c75e9e04e528e02ccdf.jpg"
"https://www.hepsiemlak.com/izmir-bornova-ataturk-kiralik/daire/17761-4926","12","30.000","26-11-2025","Kiralık Daire","3 +
                          1","135 m²","18
                        Yaşında","2. Kat","Baltaş Gayrimenkul Bornova Atatürk Mah Kiralık Daire","İzmir / Bornova / Atatürk Mah.","","https://www.hepsiemlak.com/_nuxt/8cafc93fb5c74c75e9e04e528e02ccdf.jpg","Whatsapp","",""
"https://www.hepsiemlak.com/izmir-odemis-turkmen-kiralik/daire/76680-365","8","15.000","17-11-2025","Kiralık Daire","1 +
                          1","60 m²","6
                        Yaşında","Çatı Katı","Liderden Eşşalı Kiralık Çatı Katı","İzmir / Ödemiş / Türkmen Mah.","https://www.hepsiemlak.com/emlak-ofisi/lider-emlak-76680","https://www.hepsiemlak.com/_nuxt/8cafc93fb5c74c75e9e04e528e02ccdf.jpg","Whatsapp","Lider Emlak","https://www.hepsiemlak.com/_nuxt/8cafc93fb5c74c75e9e04e528e02ccdf.jpg"
"https://www.hepsiemlak.com/izmir-torbali-ayrancilar-kiralik/daire/75772-408","11","20.000","22-11-2025","Kiralık Daire","3 +
                          1","140 m²","9
                        Yaşında","2. Kat","Torbalı Ayrancılar Mahallesi Kiralık 3+1 Daire","İzmir / Torbalı / Ayrancılar Mah.","","https://www.hepsiemlak.com/_nuxt/8cafc93fb5c74c75e9e04e528e02ccdf.jpg","Whatsapp","",""
"https://www.hepsiemlak.com/izmir-bayrakli-adalet-kiralik/daire/129267-532","11","13.000","16-11-2025","Kiralık Daire","1 +
                          1","70 m²","20
                        Yaşında","Teras Katı","Bayraklı Şehir Hastanesi Yakını 1+1 55 M2 Eşyalı Balkonlu","İzmir / Bayraklı / Adalet Mah.","","https://www.hepsiemlak.com/_nuxt/8cafc93fb5c74c75e9e04e528e02ccdf.jpg","Whatsapp","",""
"https://www.hepsiemlak.com/izmir-balcova-egitim-kiralik/daire/77173-1273","24","28.000","10-11-2025","Kiralık Daire","1 +
                          1","55 m²","5
                        Yaşında","Yüksek Giriş","Balçova Eğitim Mah. Yeni Binada D.Gazlı Eşyalı Kıralık 1+1 Daire","İzmir / Balçova / Eğitim Mah.","","https://www.hepsiemlak.com/_nuxt/8cafc93fb5c74c75e9e04e528e02ccdf.jpg","Whatsapp","",""
"https://www.hepsiemlak.com/izmir-karsiyaka-nergiz-kiralik/daire/10976-2303","28","30.000","20-11-2025","Kiralık Daire","2 +
                          1","95 m²","25
                        Yaşında","3. Kat","Mevlana Emlaktan Nergiz Metro Yakını","İzmir / Karşıyaka / Nergiz Mah.","","https://www.hepsiemlak.com/_nuxt/8cafc93fb5c74c75e9e04e528e02ccdf.jpg","Whatsapp","",""
"https://www.hepsiemlak.com/izmir-torbali-inonu-kiralik/daire/0-45497568","14","17.500","27-10-2025","Kiralık Daire","2 +
                          1","100 m²","4
                        Yaşında","1. Kat","Sahibinden Asonsorlu Kiralık Daire","İzmir / Torbalı / İnönü Mah.","","https://www.hepsiemlak.com/_nuxt/8cafc93fb5c74c75e9e04e528e02ccdf.jpg","Whatsapp","",""
"https://www.hepsiemlak.com/izmir-seferihisar-camikebir-kiralik/daire/0-45385188","14","28.000","31-10-2025","Kiralık Daire","2 +
                          1","70 m²","2
                        Yaşında","Yüksek Giriş","Merkeze Yakın,Eşyalı 2+1 Daire","İzmir / Seferihisar / Camikebir Mah.","","https://www.hepsiemlak.com/_nuxt/8cafc93fb5c74c75e9e04e528e02ccdf.jpg","Whatsapp","",""
"https://www.hepsiemlak.com/izmir-bornova-ataturk-kiralik/daire/0-45371558","14","25.000","06-10-2025","Kiralık Daire","2 +
                          1","125 m²","25
                        Yaşında","2. Kat","Ev Sahibinden Kiralık Doğalgazlı Klimalı Ara Kat Daire","İzmir / Bornova / Atatürk Mah.","","","Whatsapp","",""
"https://www.hepsiemlak.com/izmir-buca-izkent-kiralik/daire/0-45317019","14","25.000","26-09-2025","Kiralık Daire","2 +
                          1","80 m²","32
                        Yaşında","3. Kat","Sahibinden Eşyalı Kiralık Daire","İzmir / Buca / İzkent Mah.","","","Whatsapp","",""
"https://www.hepsiemlak.com/izmir-buca-ataturk-kiralik/daire/0-43382474","14","20.000","05-12-2025","Kiralık Daire","1 +
                          1","50 m²","5
                        Yaşında","Giriş Katı","Sahibinden Deü Tınaztepe Kampüse Sıfır Konumda Klimalı Daire","İzmir / Buca / Atatürk Mah.","","","Whatsapp","",""
"https://www.hepsiemlak.com/izmir-buca-efeler-kiralik/daire/18435-5582","35","52.000","27-11-2025","Kiralık Daire","3 +
                          1","145 m²","5
                        Yaşında","3. Kat","Havuzlu Verde Royal Sitesinde Ebeveyn Banyolu 3+1 Kiralık Daire","İzmir / Buca / Efeler Mah.","https://www.hepsiemlak.com/emlak-ofisi/turyap-akincilar-hipodrom-temsilciligi-18435","https://www.hepsiemlak.com/_nuxt/8cafc93fb5c74c75e9e04e528e02ccdf.jpg","Whatsapp","Turyap Akıncılar Hipodrom Temsilciliği","https://www.hepsiemlak.com/_nuxt/8cafc93fb5c74c75e9e04e528e02ccdf.jpg"
"https://www.hepsiemlak.com/izmir-buca-dumlupinar-kiralik/daire/15356-6030","40","25.000","19-11-2025","Kiralık Daire","2 +
                          1","75 m²","10
                        Yaşında","1. Kat","Buca Üçkuyular Meydanı Ve Çevikbir Meydan Yak. 2+1 Kiralık Daire","İzmir / Buca / Dumlupınar Mah.","https://www.hepsiemlak.com/emlak-ofisi/turyap-izmir-buca-temsilciligi-15356","https://www.hepsiemlak.com/_nuxt/8cafc93fb5c74c75e9e04e528e02ccdf.jpg","Whatsapp","Turyap İzmir Buca Temsilciliği","https://www.hepsiemlak.com/_nuxt/8cafc93fb5c74c75e9e04e528e02ccdf.jpg"
"https://www.hepsiemlak.com/izmir-buca-kozagac-kiralik/daire/162032-143","44","29.000","23-11-2025","Kiralık Daire","3 +
                          1","160 m²","8
                        Yaşında","4. Kat","Kozağaç Meydanda 3+1 150m2 Geniş Ferah Doğalgazlı Klimalı Kiralık Daire","İzmir / Buca / Kozağaç Mah.","https://www.hepsiemlak.com/emlak-ofisi/buca-boranem-gozde-acar-162032","https://www.hepsiemlak.com/_nuxt/8cafc93fb5c74c75e9e04e528e02ccdf.jpg","Whatsapp","Buca Boranem Gözde Acar","https://www.hepsiemlak.com/img/loadings/noImage55-55.png"
"https://www.hepsiemlak.com/izmir-buca-inonu-kiralik/daire/155417-123","16","15.000","13-11-2025","Kiralık Daire","2 +
                          1","90 m²","16
                        Yaşında","Yüksek Giriş","Buca-İnönü'de Kiralık Daire","İzmir / Buca / İnönü Mah.","https://www.hepsiemlak.com/emlak-ofisi/good-invest-akin-gayrimenkul-155417/cezmi-akin-4377044","https://www.hepsiemlak.com/_nuxt/8cafc93fb5c74c75e9e04e528e02ccdf.jpg","Whatsapp","Good İnvest Akın Gayrimenkul","https://www.hepsiemlak.com/_nuxt/8cafc93fb5c74c75e9e04e528e02ccdf.jpg"
"https://www.hepsiemlak.com/izmir-menemen-inonu-kiralik/daire/145184-231","60","15.000","06-11-2025","Kiralık Daire","1 +
                          1","50 m²","6
                        Yaşında","2. Kat","Site İçinde Havuzlu Spor Salonlu Eşyalı Kiralık Daire 1+1","İzmir / Menemen / İnönü Mah.","https://www.hepsiemlak.com/emlak-ofisi/binax-bakircay-145184","https://www.hepsiemlak.com/_nuxt/8cafc93fb5c74c75e9e04e528e02ccdf.jpg","Whatsapp","Binax Bakırçay","https://www.hepsiemlak.com/_nuxt/8cafc93fb5c74c75e9e04e528e02ccdf.jpg"
"https://www.hepsiemlak.com/izmir-karabaglar-sevgi-kiralik/daire/151867-214","35","25.500","31-10-2025","Kiralık Daire","2 +
                          1","115 m²","10
                        Yaşında","4. Kat","Demetten Şehit Fethi Bey Lisesi Yakını 2+1 Kapalı Mutfak Doğalgaz Kiralık Daire ..","İzmir / Karabağlar / Sevgi Mah.","","https://www.hepsiemlak.com/_nuxt/8cafc93fb5c74c75e9e04e528e02ccdf.jpg","Whatsapp","",""
"https://www.hepsiemlak.com/izmir-buca-kurucesme-kiralik/daire/145175-163","25","25.000","26-11-2025","Kiralık Daire","2 +
                          1","75 m²","5
                        Yaşında","3. Kat","Kuruçeşme Mah Sıfır Eşyalı Doğalgazlı Klimalı 2+1 Daire","İzmir / Buca / Kuruçeşme Mah.","https://www.hepsiemlak.com/emlak-ofisi/nirvana-gayrimenkul-145175","https://www.hepsiemlak.com/_nuxt/8cafc93fb5c74c75e9e04e528e02ccdf.jpg","Whatsapp","Nirvana Gayrimenkul","https://www.hepsiemlak.com/_nuxt/8cafc93fb5c74c75e9e04e528e02ccdf.jpg"
"https://www.hepsiemlak.com/izmir-bornova-yesilova-kiralik/daire/163689-13","19","47.500","13-11-2025","Kiralık Daire","3 +
                          1","170 m²","11
                        Yaşında","1. Kat","Yeşilovanın En Gelişen Bölgesinde Site İçerisinde Kiralık","İzmir / Bornova / Yeşilova Mah.","","https://www.hepsiemlak.com/_nuxt/8cafc93fb5c74c75e9e04e528e02ccdf.jpg","Whatsapp","",""
"https://www.hepsiemlak.com/izmir-cesme-alacati-kiralik/villa/140182-368","49","700.000","18-10-2025","Kiralık Villa","3 +
                          1","533 m²","26
                        Yaşında","","Çeşme Alaçatı Çamlık Yolda Kiralık 3+1 Eşyalı Villa","İzmir / Çeşme / Alaçatı Mah.","https://www.hepsiemlak.com/emlak-ofisi/coldwell-banker-motto-140182","https://www.hepsiemlak.com/_nuxt/8cafc93fb5c74c75e9e04e528e02ccdf.jpg","Whatsapp","Coldwell Banker Motto","https://www.hepsiemlak.com/_nuxt/8cafc93fb5c74c75e9e04e528e02ccdf.jpg"
"https://www.hepsiemlak.com/izmir-buca-kozagac-kiralik/daire/63598-293","40","50.000","01-12-2025","Kiralık Daire","4 +
                          0","270 m²","22
                        Yaşında","4. Kat","Arga'dan Buca Çevikbir'de 5+1 Teraslı Kiralık  Dubleks Daire","İzmir / Buca / Kozağaç Mah.","https://www.hepsiemlak.com/emlak-ofisi/arga-emlak-63598","https://www.hepsiemlak.com/_nuxt/8cafc93fb5c74c75e9e04e528e02ccdf.jpg","Whatsapp","Arga Emlak","https://www.hepsiemlak.com/_nuxt/8cafc93fb5c74c75e9e04e528e02ccdf.jpg"
"https://www.hepsiemlak.com/izmir-buca-ataturk-kiralik/daire/123628-101","45","23.000","10-11-2025","Kiralık Daire","1 +
                          1","45 m²","Sıfır Bina","2. Kat","İzmir Buca North City Sitesinde 1+1 Kiralık Daire","İzmir / Buca / Atatürk Mah.","https://www.hepsiemlak.com/emlak-ofisi/emlak-buraya-123628","https://www.hepsiemlak.com/_nuxt/8cafc93fb5c74c75e9e04e528e02ccdf.jpg","Whatsapp","Emlak Buraya","https://www.hepsiemlak.com/_nuxt/8cafc93fb5c74c75e9e04e528e02ccdf.jpg"
"https://www.hepsiemlak.com/izmir-balcova-teleferik-kiralik/daire/27103-4726","37","40.000","28-11-2025","Kiralık Daire","2 +
                          1","100 m²","15
                        Yaşında","4. Kat","Dayım Emlaktan Eşyalı Kiralık Daire","İzmir / Balçova / Teleferik Mah.","","https://www.hepsiemlak.com/_nuxt/8cafc93fb5c74c75e9e04e528e02ccdf.jpg","Whatsapp","",""
"https://www.hepsiemlak.com/izmir-bornova-kizilay-kiralik/daire/133288-357","25","26.000","12-11-2025","Kiralık Daire","3 +
                          1","110 m²","25
                        Yaşında","En Üst Kat","Bornova Kızılay Mah. 3+1 İçi Yapılı Kiralık Daire","İzmir / Bornova / Kızılay Mah.","https://www.hepsiemlak.com/emlak-ofisi/ozsari-emlak-133288","https://www.hepsiemlak.com/_nuxt/8cafc93fb5c74c75e9e04e528e02ccdf.jpg","Whatsapp","Özsarı Emlak","https://www.hepsiemlak.com/_nuxt/8cafc93fb5c74c75e9e04e528e02ccdf.jpg"
"https://www.hepsiemlak.com/izmir-konak-atilla-kiralik/daire/128275-679","23","23.000","04-12-2025","Kiralık Daire","3 +
                          1","125 m²","25
                        Yaşında","2. Kat","Full Eşyalı D.Gazli Asansörlü Cade Üstü Ferah Daire","İzmir / Konak / Atilla Mah.","https://www.hepsiemlak.com/emlak-ofisi/relaks-35-gayrimenkul-128275/ersoy-cinkaya-3201495","https://www.hepsiemlak.com/_nuxt/8cafc93fb5c74c75e9e04e528e02ccdf.jpg","Whatsapp","Relaks 35 Gayrimenkul","https://www.hepsiemlak.com/_nuxt/8cafc93fb5c74c75e9e04e528e02ccdf.jpg"
"https://www.hepsiemlak.com/izmir-torbali-ertugrul-kiralik/daire/87149-53","35","25.000","28-11-2025","Kiralık Daire","4 +
                          1","170 m²","21
                        Yaşında","3. Kat","Ertuğrulda Arakat Geniş Daire","İzmir / Torbalı / Ertuğrul Mah.","https://www.hepsiemlak.com/emlak-ofisi/er-emlak-87149","https://www.hepsiemlak.com/_nuxt/8cafc93fb5c74c75e9e04e528e02ccdf.jpg","Whatsapp","Er Emlak","https://www.hepsiemlak.com/_nuxt/8cafc93fb5c74c75e9e04e528e02ccdf.jpg"
"https://www.hepsiemlak.com/izmir-konak-mersinli-kiralik/residence/153267-124","15","85.000","06-11-2025","Kiralık Residence","3 +
                          1","170 m²","Sıfır Bina","21 ve üzeri","Kiralık Muhteşem Deniz Manzaralı 3+1 Daire","İzmir / Konak / Mersinli Mah.","https://www.hepsiemlak.com/emlak-ofisi/exp-realty-153267","https://www.hepsiemlak.com/_nuxt/8cafc93fb5c74c75e9e04e528e02ccdf.jpg","Whatsapp","Exp Realty","https://www.hepsiemlak.com/_nuxt/8cafc93fb5c74c75e9e04e528e02ccdf.jpg"
"https://www.hepsiemlak.com/izmir-urla-yenice-kiralik/villa/125876-2808","38","200.000","01-12-2025","Kiralık Villa","6 +
                          1","360 m²","21
                        Yaşında","Bahçe Katı","Kw'den Urla Kekliktepe Mesa 1'de 6+1 Villa","İzmir / Urla / Yenice Mah.","https://www.hepsiemlak.com/emlak-ofisi/kw-alesta-viya-orsa-4-125876","https://www.hepsiemlak.com/_nuxt/8cafc93fb5c74c75e9e04e528e02ccdf.jpg","Whatsapp","Kw Alesta-viya-orsa 4","https://www.hepsiemlak.com/_nuxt/8cafc93fb5c74c75e9e04e528e02ccdf.jpg"
"https://www.hepsiemlak.com/izmir-menemen-tulbentli-kiralik/daire/144707-335","24","27.000","27-11-2025","Kiralık Daire","2 +
                          1","110 m²","Sıfır Bina","6. Kat","Menemen Merkezde 2+1 Sıfır Kiralık Daire","İzmir / Menemen / Tülbentli Mah.","","https://www.hepsiemlak.com/_nuxt/8cafc93fb5c74c75e9e04e528e02ccdf.jpg","Whatsapp","",""
"https://www.hepsiemlak.com/izmir-buca-guven-kiralik/daire/130324-1141","24","28.000","22-11-2025","Kiralık Daire","3 +
                          1","130 m²","21
                        Yaşında","2. Kat","Şirinyer Merkez 3+1 Kiralık Daire","İzmir / Buca / Güven Mah.","https://www.hepsiemlak.com/emlak-ofisi/gunes-gayrimenkul-130324","https://www.hepsiemlak.com/_nuxt/8cafc93fb5c74c75e9e04e528e02ccdf.jpg","Whatsapp","Güneş Gayrimenkul","https://www.hepsiemlak.com/_nuxt/8cafc93fb5c74c75e9e04e528e02ccdf.jpg"
"https://www.hepsiemlak.com/izmir-karabaglar-tahsin-yazici-kiralik/daire/78202-3353","56","30.000","26-11-2025","Kiralık Daire","3 +
                          1","135 m²","20
                        Yaşında","2. Kat","Yeşilyurt Tahsin Yazıcı’da Deniz Manzaralı 3+1 135 M2 Ebeveyn Banyolu Kiralık Daire","İzmir / Karabağlar / Tahsin Yazıcı Mah.","https://www.hepsiemlak.com/emlak-ofisi/remax-sembol-78202","https://www.hepsiemlak.com/_nuxt/8cafc93fb5c74c75e9e04e528e02ccdf.jpg","Whatsapp","Remax Sembol","https://www.hepsiemlak.com/_nuxt/8cafc93fb5c74c75e9e04e528e02ccdf.jpg"
"https://www.hepsiemlak.com/izmir-torbali-cumhuriyet-kiralik/daire/95108-679","35","40.000","03-12-2025","Kiralık Daire","4 +
                          1","200 m²","5
                        Yaşında","1. Kat","İzban Yakını Havuzlu Güvenlikli Sitede Kiralık 4+1 Daire","İzmir / Torbalı / Cumhuriyet Mah.","https://www.hepsiemlak.com/emlak-ofisi/turyap-torbali-temsilciligi-95108","https://www.hepsiemlak.com/_nuxt/8cafc93fb5c74c75e9e04e528e02ccdf.jpg","Whatsapp","Turyap Torbalı Temsilciliği","https://www.hepsiemlak.com/_nuxt/8cafc93fb5c74c75e9e04e528e02ccdf.jpg"